{
  "columns": [
    "UsingIP",
    "LongURL",
    "ShortURL",
    "Symbol@",
    "Redirecting//",
    "PrefixSuffix-",
    "SubDomains",
    "HTTPS",
    "DomainRegLen",
    "Favicon",
    "NonStdPort",
    "HTTPSDomainURL",
    "RequestURL",
    "AnchorURL",
    "LinksInScriptTags",
    "ServerFormHandler",
    "InfoEmail",
    "AbnormalURL",
    "WebsiteForwarding",
    "StatusBarCust",
    "DisableRightClick",
    "UsingPopupWindow",
    "IframeRedirection",
    "AgeofDomain",
    "DNSRecording",
    "WebsiteTraffic",
    "PageRank",
    "GoogleIndex",
    "LinksPointingToPage",
    "StatsReport",
    "class"
  ],
  "sum": {
    "1": 4296,
    "-1": 3441
  },
  "data": {
    "-1": {
      "UsingIP": {
        "1": 0.6038338658146964,
        "-1": 0.3961661341853035
      },
      "LongURL": {
        "-1": 0.8307200929152149,
        "1": 0.15331010452961671,
        "0": 0.01596980255516841
      },
      "ShortURL": {
        "1": 0.8931164681963404,
        "-1": 0.1068835318036596
      },
      "Symbol@": {
        "1": 0.8306709265175719,
        "-1": 0.16932907348242812
      },
      "Redirecting//": {
        "1": 0.8849840255591054,
        "-1": 0.11501597444089456
      },
      "PrefixSuffix-": {
        "-1": 0.9997095556200988,
        "1": 0.0002904443799012489
      },
      "SubDomains": {
        "0": 0.4532520325203252,
        "-1": 0.38095238095238093,
        "1": 0.16579558652729384
      },
      "HTTPS": {
        "-1": 0.624274099883856,
        "0": 0.23315911730545877,
        "1": 0.14256678281068524
      },
      "DomainRegLen": {
        "-1": 0.5521347661922742,
        "1": 0.4478652338077258
      },
      "Favicon": {
        "1": 0.8152773743828057,
        "-1": 0.1847226256171943
      },
      "NonStdPort": {
        "1": 0.851873366250363,
        "-1": 0.14812663374963694
      },
      "HTTPSDomainURL": {
        "1": 0.8521638106302643,
        "-1": 0.1478361893697357
      },
      "RequestURL": {
        "-1": 0.5469067673540517,
        "1": 0.4530932326459483
      },
      "AnchorURL": {
        "-1": 0.6657955865272939,
        "0": 0.3034262485481998,
        "1": 0.03077816492450639
      },
      "LinksInScriptTags": {
        "-1": 0.49332171893147503,
        "0": 0.3519163763066202,
        "1": 0.15476190476190477
      },
      "ServerFormHandler": {
        "-1": 0.8591753774680604,
        "1": 0.08159117305458768,
        "0": 0.059233449477351915
      },
      "InfoEmail": {
        "1": 0.8138251524832995,
        "-1": 0.18617484751670055
      },
      "AbnormalURL": {
        "1": 0.8768515829218705,
        "-1": 0.12314841707812954
      },
      "WebsiteForwarding": {
        "0": 0.8710426953238455,
        "1": 0.12895730467615452
      },
      "StatusBarCust": {
        "1": 0.8632006970665118,
        "-1": 0.13679930293348824
      },
      "DisableRightClick": {
        "1": 0.9552715654952076,
        "-1": 0.04472843450479233
      },
      "UsingPopupWindow": {
        "1": 0.8048213767063608,
        "-1": 0.19517862329363928
      },
      "IframeRedirection": {
        "1": 0.9102526866105141,
        "-1": 0.08974731338948591
      },
      "AgeofDomain": {
        "-1": 0.5370316584374092,
        "1": 0.46296834156259076
      },
      "DNSRecording": {
        "1": 0.6468196340400814,
        "-1": 0.3531803659599187
      },
      "WebsiteTraffic": {
        "0": 0.3548199767711963,
        "-1": 0.3429152148664344,
        "1": 0.30226480836236935
      },
      "PageRank": {
        "-1": 0.7905896020911996,
        "1": 0.20941039790880048
      },
      "GoogleIndex": {
        "1": 0.8149869300029045,
        "-1": 0.18501306999709555
      },
      "LinksPointingToPage": {
        "0": 0.5943670150987224,
        "1": 0.36614401858304296,
        "-1": 0.03948896631823461
      },
      "StatsReport": {
        "1": 0.8356084809758931,
        "-1": 0.1643915190241069
      }
    },
    "1": {
      "UsingIP": {
        "1": 0.6896230805025594,
        "-1": 0.3103769194974407
      },
      "LongURL": {
        "-1": 0.7920446615491975,
        "1": 0.2002791346824843,
        "0": 0.007676203768318213
      },
      "ShortURL": {
        "1": 0.8506281991624011,
        "-1": 0.14937180083759888
      },
      "Symbol@": {
        "1": 0.8634248487668683,
        "-1": 0.1365751512331317
      },
      "Redirecting//": {
        "1": 0.857375523499302,
        "-1": 0.142624476500698
      },
      "PrefixSuffix-": {
        "-1": 0.7615169846440205,
        "1": 0.23848301535597952
      },
      "SubDomains": {
        "1": 0.5361712026052571,
        "-1": 0.2463363572923936,
        "0": 0.2174924401023494
      },
      "HTTPS": {
        "1": 0.9139334729006746,
        "-1": 0.08234473133286811,
        "0": 0.0037217957664573155
      },
      "DomainRegLen": {
        "-1": 0.7650069799906933,
        "1": 0.23499302000930666
      },
      "Favicon": {
        "1": 0.8173569101907864,
        "-1": 0.1826430898092136
      },
      "NonStdPort": {
        "1": 0.8776174965100046,
        "-1": 0.12238250348999535
      },
      "HTTPSDomainURL": {
        "1": 0.8245695672405771,
        "-1": 0.175430432759423
      },
      "RequestURL": {
        "1": 0.7038157282456957,
        "-1": 0.29618427175430434
      },
      "AnchorURL": {
        "0": 0.6182833217027216,
        "1": 0.3745056989997674,
        "-1": 0.007210979297511049
      },
      "LinksInScriptTags": {
        "0": 0.4380088392649453,
        "1": 0.30402419167248196,
        "-1": 0.2579669690625727
      },
      "ServerFormHandler": {
        "-1": 0.6850430332635496,
        "1": 0.2356361944638288,
        "0": 0.07932077227262153
      },
      "InfoEmail": {
        "1": 0.8278268962308051,
        "-1": 0.17217310376919498
      },
      "AbnormalURL": {
        "1": 0.8327128897161471,
        "-1": 0.16728711028385296
      },
      "WebsiteForwarding": {
        "0": 0.8904141461144719,
        "1": 0.10958585388552815
      },
      "StatusBarCust": {
        "1": 0.8946021405304793,
        "-1": 0.10539785946952071
      },
      "DisableRightClick": {
        "1": 0.9592833876221498,
        "-1": 0.04071661237785016
      },
      "UsingPopupWindow": {
        "1": 0.8101442531409958,
        "-1": 0.1898557468590042
      },
      "IframeRedirection": {
        "1": 0.9097254536993951,
        "-1": 0.09027454630060493
      },
      "AgeofDomain": {
        "1": 0.5895765472312704,
        "-1": 0.41042345276872966
      },
      "DNSRecording": {
        "1": 0.7214983713355049,
        "-1": 0.2785016286644951
      },
      "WebsiteTraffic": {
        "1": 0.6938822982088858,
        "-1": 0.16422423819492904,
        "0": 0.14189346359618515
      },
      "PageRank": {
        "-1": 0.7028850628199163,
        "1": 0.29711493718008375
      },
      "GoogleIndex": {
        "1": 0.9020474639367148,
        "-1": 0.09795253606328524
      },
      "LinksPointingToPage": {
        "0": 0.5233775296580601,
        "1": 0.4198650849034659,
        "-1": 0.05675738543847406
      },
      "StatsReport": {
        "1": 0.8850628199162401,
        "-1": 0.11493718008375989
      }
    }
  },
  "accuracy": 90.77479650286404
}